TDSFU Daily run: Sun Oct 19 00:47:58 UTC 2025 TDSFU
TDSFU Daily run: Sun Oct 19 04:35:49 UTC 2025 TDSFU
TDSFU Daily run: Mon Oct 20 04:38:31 UTC 2025 TDSFU
TDSFU Daily run: Tue Oct 21 04:35:35 UTC 2025 TDSFU
TDSFU Daily run: Wed Oct 22 04:36:47 UTC 2025 TDSFU
TDSFU Daily run: Thu Oct 23 04:35:00 UTC 2025 TDSFU
TDSFU Daily run: Fri Oct 24 04:34:22 UTC 2025 TDSFU
TDSFU Daily run: Sat Oct 25 04:33:41 UTC 2025 TDSFU
TDSFU Daily run: Sun Oct 26 04:33:49 UTC 2025 TDSFU
TDSFU Daily run: Mon Oct 27 04:42:57 UTC 2025 TDSFU
TDSFU Daily run: Tue Oct 28 04:35:38 UTC 2025 TDSFU
TDSFU Daily run: Wed Oct 29 04:41:28 UTC 2025 TDSFU
TDSFU Daily run: Thu Oct 30 04:35:30 UTC 2025 TDSFU
TDSFU Daily run: Fri Oct 31 04:38:25 UTC 2025 TDSFU
